{
    "FGLVQ": {
        "ParametersCOMPAS": {
            "BatchSize": 200
        },
        "COMPAS": {
            "(0, 20, 0.05)": {
                "Accuracy": [
                    0.6369529983792545,
                    0.6645056726094003,
                    0.64882400648824,
                    0.635036496350365,
                    0.6561232765612328
                ],
                "StatisticalParity": [
                    0.24217418088566067,
                    0.2405224801785122,
                    0.20217644772638943,
                    0.23918163171089457,
                    0.2466564114471469
                ],
                "EqualOpportunity": [
                    0.1607435909322702,
                    0.14069139120477714,
                    0.10291864562586184,
                    0.16620197081964705,
                    0.13406826568265684
                ]
            },
            "(0.5, 20, 0.05)": {
                "Accuracy": [
                    0.6215559157212318,
                    0.6434359805510534,
                    0.6447688564476886,
                    0.6455798864557989,
                    0.6374695863746959
                ],
                "StatisticalParity": [
                    0.17434993767997597,
                    0.17053601101457527,
                    0.23968429549463366,
                    0.19565979628450048,
                    0.18028966157775583
                ],
                "EqualOpportunity": [
                    0.11221547447962543,
                    0.10062363373110883,
                    0.13513099433123954,
                    0.15947979527919942,
                    0.08026752767527678
                ]
            },
            "(0.75, 20, 0.05)": {
                "Accuracy": [
                    0.6296596434359806,
                    0.6369529983792545,
                    0.6382806163828062,
                    0.6439578264395782,
                    0.6561232765612328
                ],
                "StatisticalParity": [
                    0.13375453073738197,
                    0.18506385605089493,
                    0.20127358067505763,
                    0.15109776123327934,
                    0.2211035003192663
                ],
                "EqualOpportunity": [
                    0.07184646052570587,
                    0.118017242195115,
                    0.10651907461314536,
                    0.125085936903216,
                    0.11442804428044284
                ]
            },
            "(1.0, 20, 0.05)": {
                "Accuracy": [
                    0.6247974068071313,
                    0.6345218800648298,
                    0.64882400648824,
                    0.6334144363341444,
                    0.6463909164639091
                ],
                "StatisticalParity": [
                    0.09350295841033796,
                    0.11611000332336324,
                    0.1646267451941762,
                    0.07838897622150409,
                    0.14467696058512802
                ],
                "EqualOpportunity": [
                    0.021213666496685435,
                    0.02232400564014725,
                    0.06794852152596909,
                    0.045135971277977194,
                    0.060738007380073844
                ]
            },
            "(1.5, 20, 0.05)": {
                "Accuracy": [
                    0.5948136142625607,
                    0.6442463533225283,
                    0.6407137064071371,
                    0.616382806163828,
                    0.6382806163828062
                ],
                "StatisticalParity": [
                    0.027512499820919523,
                    0.1135759388501163,
                    0.1646267451941762,
                    0.05721390127453674,
                    0.12149242468218502
                ],
                "EqualOpportunity": [
                    0.01459366742385615,
                    0.050742398576714476,
                    0.0731959552627548,
                    0.04281567489114668,
                    0.026937269372693806
                ]
            },
            "(1.75, 20, 0.05)": {
                "Accuracy": [
                    0.5826580226904376,
                    0.6110210696920584,
                    0.6293592862935928,
                    0.6220600162206001,
                    0.6220600162206001
                ],
                "StatisticalParity": [
                    0.044397644732883434,
                    0.10285809238949817,
                    0.12410834404615978,
                    0.0739944249975164,
                    0.1493237359958205
                ],
                "EqualOpportunity": [
                    0.0862083352649391,
                    0.01013523104730718,
                    0.03240386088555225,
                    0.046195859750973955,
                    0.061937269372693726
                ]
            },
            "(2.25, 20, 0.05)": {
                "Accuracy": [
                    0.5656401944894651,
                    0.5956239870340356,
                    0.5977291159772912,
                    0.5798864557988646,
                    0.6034063260340633
                ],
                "StatisticalParity": [
                    0.0054727009641695745,
                    0.05764254854484163,
                    0.15111662531017378,
                    0.04182420626340422,
                    0.10702966273872405
                ],
                "EqualOpportunity": [
                    0.05058643549209585,
                    0.007845104143994086,
                    0.09200245135590623,
                    0.02477847376059894,
                    0.04598708487084868
                ]
            }
        },
        "ModelParameters": [
            [
                0,
                20,
                0.05
            ],
            [
                0.5,
                20,
                0.05
            ],
            [
                0.75,
                20,
                0.05
            ],
            [
                1.0,
                20,
                0.05
            ],
            [
                1.5,
                20,
                0.05
            ],
            [
                1.75,
                20,
                0.05
            ],
            [
                2.25,
                20,
                0.05
            ]
        ]
    },
    "BenchmarkParameters": {
        "NumFolds": 5,
        "Epochs": 500
    },
    "INP": {
        "ParametersCOMPAS": {
            "BatchSize": 200
        },
        "COMPAS": {
            "(0, 20, 0.05)": {
                "Accuracy": [
                    0.6434359805510534,
                    0.6645056726094003,
                    0.6463909164639091,
                    0.6366585563665855,
                    0.6561232765612328
                ],
                "StatisticalParity": [
                    0.24523430896405496,
                    0.2513886910696481,
                    0.24506263266465367,
                    0.22230468498898437,
                    0.24784059905961564
                ],
                "EqualOpportunity": [
                    0.16223633582124153,
                    0.15494317267746116,
                    0.1637429140493335,
                    0.17429913681154985,
                    0.1331180811808118
                ]
            },
            "(5, 20, 0.05)": {
                "Accuracy": [
                    0.6377633711507293,
                    0.6636952998379254,
                    0.6472019464720195,
                    0.6463909164639091,
                    0.6577453365774534
                ],