{
    "FGLVQ": {
        "ParametersADULT (sex)": {
            "BatchSize": 1000
        },
        "ADULT (sex)": {
            "(0, 20, 0.05)": {
                "Accuracy": [
                    0.8296296296296296,
                    0.8286346047540077,
                    0.8325961963732862,
                    0.8278416629809818,
                    0.8356921716054843
                ],
                "StatisticalParity": [
                    0.18731781908539208,
                    0.1890872319443748,
                    0.18394670001518865,
                    0.1833592733566613,
                    0.17643081089879112
                ],
                "EqualOpportunity": [
                    0.17666941251846913,
                    0.18023203686768163,
                    0.18545811801838036,
                    0.1717242213599099,
                    0.15140885730267822
                ]
            },
            "(0.5, 20, 0.05)": {
                "Accuracy": [
                    0.8297401879491432,
                    0.8286346047540077,
                    0.8297213622291022,
                    0.8258513931888545,
                    0.8325961963732862
                ],
                "StatisticalParity": [
                    0.1743933393111629,
                    0.18056628056628055,
                    0.18434781355426727,
                    0.18655463914715323,
                    0.16214546877132655
                ],
                "EqualOpportunity": [
                    0.19538370010068123,
                    0.2128254409173232,
                    0.22962527462326332,
                    0.2571210556191433,
                    0.1561582863064379
                ]
            },
            "(0.75, 20, 0.05)": {
                "Accuracy": [
                    0.825649530127142,
                    0.8273079049198452,
                    0.8254091110128262,
                    0.8236399823087129,
                    0.8335913312693498
                ],
                "StatisticalParity": [
                    0.15142807349919468,
                    0.16489077203362917,
                    0.17589815396861824,
                    0.171766183166886,
                    0.15629922846505492
                ],
                "EqualOpportunity": [
                    0.16328992272388498,
                    0.21142676428060253,
                    0.2319939969675403,
                    0.20016656895861829,
                    0.15176577681732772
                ]
            },
            "(1.0, 20, 0.05)": {
                "Accuracy": [
                    0.8233278054173576,
                    0.8233278054173576,
                    0.8217602830605927,
                    0.8192171605484299,
                    0.8318222025652366
                ],
                "StatisticalParity": [
                    0.133026852447865,
                    0.14062327633756205,
                    0.15560333884337837,
                    0.1426931057398804,
                    0.1470551038179969
                ],
                "EqualOpportunity": [
                    0.12269708024425008,
                    0.1614900959674751,
                    0.18529566482037318,
                    0.14548728399542166,
                    0.14547019647069587
                ]
            },
            "(1.5, 20, 0.05)": {
                "Accuracy": [
                    0.8236594803758983,
                    0.8207849640685462,
                    0.8202122954444936,
                    0.8163423264042459,
                    0.8241928350287483
                ],
                "StatisticalParity": [
                    0.13091474846736134,
                    0.11604238747095888,
                    0.13096113145503993,
                    0.1426931057398804,
                    0.13094295771464806
                ],
                "EqualOpportunity": [
                    0.1200983276454975,
                    0.08326690434388534,
                    0.12305442955719897,
                    0.13865237337502206,
                    0.13804387110706534
                ]
            },
			"(11.0, 20, 0.05)": {
                "Accuracy": [
                    0.8039800995024876,
                    0.814262023217247,
                    0.8159000442282176,
                    0.8079389650597081,
                    0.8119195046439629
                ],
                "StatisticalParity": [
                    0.08702323764121217,
                    0.12389727389727388,
                    0.12406492762106854,
                    0.10887132107183899,
                    0.08692543179660923
                ],
                "EqualOpportunity": [
                    0.01133971416990287,
                    0.08145742757609992,
                    0.07675990964507845,
                    0.05009631221908939,
                    0.05649376065697187
                ]
            },
			"(12.0, 20, 0.05)": {
                "Accuracy": [
                    0.7983416252072969,
                    0.8097291321171918,
                    0.8042901371074745,
                    0.8102609464838567,
                    0.8101503759398496
                ],
                "StatisticalParity": [
                    0.03674341337815769,
                    0.06482140767855053,
                    0.0422877662587903,
                    0.10873017396367171,
                    0.09662600694650868
                ],
                "EqualOpportunity": [
                    0.1328959583676565,
                    0.09226701356455513,
                    0.11001021134387473,
                    0.10438941775308708,
                    0.04408855803016426
                ]
            },
			"(12.5, 20, 0.05)": {
                "Accuracy": [
                    0.7994472084024323,
                    0.8066334991708126,
                    0.8112560813799203,
                    0.8089340999557718,
                    0.8182220256523662
                ],
                "StatisticalParity": [
                    0.07143234605449195,
                    0.06388373531230675,
                    0.1068028545802665,
                    0.10743887542974899,
                    0.10107884859581354
                ],
                "EqualOpportunity": [
                    0.024205991187123244,
                    0.06429511098939256,
                    0.03976854287217252,
                    0.06612973767715397,
                    0.021841074837624097
                ]
            }	
        },
        "ModelParameters": [
            [
                0,
                20,
                0.05
            ],
            [
                0.5,
                20,
                0.05
            ],
            [
                0.75,
                20,
                0.05
            ],
            [
                1.0,
                20,
                0.05
            ],
            [
                1.5,
                20,
                0.05
            ],
			[
                11.0,
                20,
                0.05
            ],
			[
                12.0,
                20,
                0.05
            ],
			[
                12.5,
                20,
                0.05
            ]
        ]
    },
    "BenchmarkParameters": {
        "NumFolds": 5,
        "Epochs": 500
    },
    "INP": {
        "ParametersADULT (sex)": {
            "BatchSize": 1000
        },
        "ADULT (sex)": {
            "(0, 20, 0.05)": {
                "Accuracy": [
                    0.8297401879491432,
                    0.831730237700387,
                    0.8317116320212296,
                    0.8288367978770456,
                    0.8354710305174702
                ],